{
  "posts": [
    {
      "id": 1,
      "title": "json-server",
      "author": "typicode"
    }
  ],
  "comments": [
    {
      "id": 1,
      "body": "some comment",
      "postId": 1
    }
  ],
  "accounts": [
    {
      "id": 101,
      "firstName": "venky",
      "lastName": "boppudi",
      "mobileNo": 8297161636,
      "email": "bv@gmail.com",
      "address": "chennai",
      "balance": 3000
    },
    {
      "firstname": "Venkatesh",
      "lastname": "Marupaka",
      "email": "venkym@gmail.com",
      "mobilenumber": "9701650946",
      "adrress": "Hyderabad",
      "id": 102
    }
  ],
  "profile": {
    "name": "typicode"
  }
}